gene	baseMean	log2FoldChange	lfcSE	stat	pvalue	padj
ENSG00000160191	76913.68325865114	3.071415562986136	0.1547885493230426	19.842653583994213	1.2754555269730061e-87	2.920793156768184e-85
ENSG00000154734	22859.404825324516	3.4415773905938365	0.17903987716749514	19.22240701368543	2.403571269562614e-82	2.752089103649193e-80
ENSG00000154723	7342.058299837643	2.581785896651106	0.16350702111073961	15.790061363190762	3.642254449425483e-56	2.7802542297281187e-54
ENSG00000180509	30220.820961552083	2.943108588880442	0.1996058683984123	14.7445995074955	3.3329106424711334e-49	1.9080913428147237e-47
ENSG00000183145	9989.96725283963	2.8901722873281304	0.24839653982055226	11.635316214211604	2.72578088269463e-31	1.2484076442741405e-29
ENSG00000276289	11794.809086198564	2.8595994351541014	0.4653459222637703	6.145104745396706	7.991076351546655e-10	3.04992747417364e-8
ENSG00000277277	724.4836906836587	0.9279100723760716	0.26416509183578546	3.512614274382983	4.4372114495772866e-4	0.014516020313617123
ENSG00000141959	16442.94588639037	2.611917950059856	0.8279035283240543	3.154857855657683	0.0016057631819293714	0.045964971082728255
